company_name,rating,bio,salary,job,founded_in,field,other
TCS,3.3,IT Services & Consulting | Pune +439 other locations,969999.9999999999,2000.0,1968 (58 yrs old),IT Services & Consulting,Pune +439 other locations
Accenture,3.7,IT Services & Consulting | Pune +255 other locations,650000.0,31900.0,1989 (37 yrs old),IT Services & Consulting,Pune +255 other locations
Wipro,3.6,IT Services & Consulting | Pune +370 other locations,480000.0,6500.0,1945 (81 yrs old),IT Services & Consulting,Pune +370 other locations
Cognizant,3.6,IT Services & Consulting | Pune +229 other locations,600000.0,730.0,1994 (32 yrs old),IT Services & Consulting,Pune +229 other locations
Capgemini,3.7,IT Services & Consulting | Pune +184 other locations,470000.0,1900.0,1967 (59 yrs old),IT Services & Consulting,Pune +184 other locations
HDFC Bank,3.8,Banking | Pune +1821 other locations,150000.0,266.0,1994 (32 yrs old),Banking,Pune +1821 other locations
Infosys,3.5,IT Services & Consulting | Pune +246 other locations,520000.0,2700.0,,IT Services & Consulting,Pune +246 other locations
ICICI Bank,4.0,Banking | Pune +1438 other locations,150000.0,22.0,1994 (32 yrs old),Banking,Pune +1438 other locations
HCLTech,3.4,IT Services & Consulting | Pune +226 other locations,370000.0,165.0,,IT Services & Consulting,Pune +226 other locations
Tech Mahindra,3.4,IT Services & Consulting | Pune +331 other locations,280000.0,383.0,1986 (40 yrs old),IT Services & Consulting,Pune +331 other locations
Genpact,3.6,IT Services & Consulting | Pune +182 other locations,229999.99999999997,833.0,1997 (29 yrs old),IT Services & Consulting,Pune +182 other locations
Teleperformance,3.8,BPO | Pune +254 other locations,95800.0,1300.0,1978 (48 yrs old),BPO,Pune +254 other locations
Axis Bank,3.6,Banking | Pune +1498 other locations,100000.0,217.0,1993 (33 yrs old),Banking,Pune +1498 other locations
Jio,4.4,Telecom | Pune +1893 other locations,62000.0,3.0,2018 (8 yrs old),Telecom,Pune +1893 other locations
Concentrix Corporation,3.6,BPO | Pune +177 other locations,130000.0,82.0,1983 (43 yrs old),BPO,Pune +177 other locations
Amazon,3.9,Internet | Pune +518 other locations,150000.0,1600.0,1994 (32 yrs old),Internet,Pune +518 other locations
iEnergizer,4.6,BPO | Pune +52 other locations,23900.0,68.0,,BPO,Pune +52 other locations
Reliance Retail,3.9,Retail | Pune +1150 other locations,74700.0,152.0,2006 (20 yrs old),Retail,Pune +1150 other locations
LTIMindtree,3.6,IT Services & Consulting | Pune +146 other locations,190000.0,450.0,1997 (29 yrs old),IT Services & Consulting,Pune +146 other locations
IBM,3.9,IT Services & Consulting | Pune +160 other locations,210000.0,813.0,1911 (115 yrs old),IT Services & Consulting,Pune +160 other locations
HDB Financial Services,3.9,NBFC | Pune +1089 other locations,50200.0,203.0,2007 (19 yrs old),NBFC,Pune +1089 other locations
Larsen & Toubro Limited,3.9,Engineering & Construction | Pune +754 other locations,24000.0,77.0,,Engineering & Construction,Pune +754 other locations
Deloitte,3.7,Management Consulting | Pune +187 other locations,250000.0,1500.0,1845 (181 yrs old),Management Consulting,Pune +187 other locations
Kotak Mahindra Bank,3.6,Banking | Pune +681 other locations,87000.0,80.0,,Banking,Pune +681 other locations
Reliance Industries,4.0,Oil & Gas | Pune +812 other locations,72400.0,58.0,1977 (49 yrs old),Oil & Gas,Pune +812 other locations
Vodafone Idea,3.9,Telecom | Pune +704 other locations,50300.0,30.0,2018 (8 yrs old),Telecom,Pune +704 other locations
Bharti Airtel,3.8,Telecom | Pune +789 other locations,49000.0,120.0,1952 (74 yrs old),Telecom,Pune +789 other locations
BYJU'S,3.2,EdTech | Pune +321 other locations,53600.0,77.0,2011 (15 yrs old),EdTech,Pune +321 other locations
WNS,3.3,IT Services & Consulting | Pune +65 other locations,69800.0,82.0,1996 (30 yrs old),IT Services & Consulting,Pune +65 other locations
Tata Motors,4.1,Automobile | Pune +506 other locations,42500.0,172.0,1945 (81 yrs old),Automobile,Pune +506 other locations
IDFC FIRST Bank,3.9,Banking | Pune +711 other locations,48500.0,32.0,,Banking,Pune +711 other locations
Ernst & Young,3.4,Management Consulting | Pune +132 other locations,24000.0,77.0,,Management Consulting,Pune +132 other locations
IndusInd Bank,3.4,Banking | Pune +788 other locations,51700.0,141.0,,Banking,Pune +788 other locations
AU Small Finance Bank,3.9,Banking | Pune +782 other locations,28700.0,44.0,1996 (30 yrs old),Banking,Pune +782 other locations
Flipkart,3.9,Internet | Pune +560 other locations,53900.0,179.0,2007 (19 yrs old),Internet,Pune +560 other locations
Bajaj Finserv,3.9,NBFC | Pune +1161 other locations,30000.0,4.0,2007 (19 yrs old),NBFC,Pune +1161 other locations
Muthoot FinCorp,4.5,NBFC | Pune +1087 other locations,9000.0,43.0,,NBFC,Pune +1087 other locations
PwC,3.3,Management Consulting | Pune +132 other locations,120000.0,899.0,1880 (146 yrs old),Management Consulting,Pune +132 other locations
Mahindra & Mahindra,4.0,Automobile | Pune +562 other locations,24000.0,77.0,,Automobile,Pune +562 other locations
DXC Technology,3.6,IT Services & Consulting | Pune +133 other locations,72800.0,198.0,2017 (9 yrs old),IT Services & Consulting,Pune +133 other locations
Infosys BPM,3.5,BPO | Pune +95 other locations,72500.0,98.0,2002 (24 yrs old),BPO,Pune +95 other locations
HDFC Life,3.9,Insurance | Pune +698 other locations,32900.0,119.0,,Insurance,Pune +698 other locations
Bandhan Bank,3.7,Banking | Pune +995 other locations,25300.0,13.0,,Banking,Pune +995 other locations
Conneqt Business Solutions,3.6,BPO | Pune +266 other locations,26400.0,361.0,2002 (24 yrs old),BPO,Pune +266 other locations
Mphasis,3.3,IT Services & Consulting | Pune +63 other locations,73200.0,47.0,1998 (28 yrs old),IT Services & Consulting,Pune +63 other locations
Yes Bank,3.7,Banking | Pune +540 other locations,43400.0,141.0,2004 (22 yrs old),Banking,Pune +540 other locations
Tata Steel,4.0,Iron & Steel | Pune +228 other locations,33800.0,77.0,1907 (119 yrs old),Iron & Steel,Pune +228 other locations
Quess,3.8,Recruitment | Pune +740 other locations,30500.0,9.0,2007 (19 yrs old),Recruitment,Pune +740 other locations
Maruti Suzuki,4.2,Automobile | Pune +451 other locations,28400.0,61.0,1981 (45 yrs old),Automobile,Pune +451 other locations
Startek,3.1,BPO | Pune +105 other locations,24400.0,130.0,2017 (9 yrs old),BPO,Pune +105 other locations
Asian Paints,4.0,Chemicals | Pune +547 other locations,25200.0,66.0,,Chemicals,Pune +547 other locations
UltraTech Cement,4.1,Building Material | Pune +534 other locations,24300.0,27.0,1983 (43 yrs old),Building Material,Pune +534 other locations
Paytm,3.2,FinTech | Pune +418 other locations,33900.0,718.0,,FinTech,Pune +418 other locations
Shriram Finance,4.0,NBFC | Pune +1109 other locations,15300.0,8.0,1979 (47 yrs old),NBFC,Pune +1109 other locations
Bajaj Finance,3.9,NBFC | Pune +965 other locations,22700.0,7000.0,1987 (39 yrs old),NBFC,Pune +965 other locations
Equitas Small Finance Bank,4.4,Banking | Pune +479 other locations,13400.0,15.0,,Banking,Pune +479 other locations
Sutherland Global Services,3.4,BPO | Pune +82 other locations,34400.0,250.0,,BPO,Pune +82 other locations
EXL Service,3.6,Analytics & KPO | Pune +63 other locations,44100.0,1500.0,,Analytics & KPO,Pune +63 other locations
Cipla,4.1,Pharma | Pune +291 other locations,26000.0,66.0,1935 (91 yrs old),Pharma,Pune +291 other locations
Samsung,3.9,Consumer Electronics & Appliances | Pune +578 other locations,26200.0,27.0,1969 (57 yrs old),Consumer Electronics & Appliances,Pune +578 other locations
Ericsson,3.9,Telecom | Pune +162 other locations,42500.0,70.0,,Telecom,Pune +162 other locations
Wells Fargo,3.7,Financial Services | Pune +28 other locations,55200.0,168.0,,Financial Services,Pune +28 other locations
Dr. Reddy's,4.0,Pharma | Pune +213 other locations,24000.0,77.0,,Pharma,Pune +213 other locations
Optum Global Solutions,4.0,IT Services & Consulting | Pune +68 other locations,48400.0,73.0,2002 (24 yrs old),IT Services & Consulting,Pune +68 other locations
Delhivery,3.8,Logistics | Pune +751 other locations,21300.0,179.0,2011 (15 yrs old),Logistics,Pune +751 other locations
ICICI Prudential Life Insurance,4.0,Insurance | Pune +505 other locations,22500.0,513.0,2000 (26 yrs old),Insurance,Pune +505 other locations
JPMorgan Chase & Co.,3.8,Financial Services | Pune +55 other locations,24000.0,77.0,,Financial Services,Pune +55 other locations
JSW Steel,3.9,Iron & Steel | Pune +193 other locations,30400.0,108.0,1982 (44 yrs old),Iron & Steel,Pune +193 other locations
HGS,3.7,BPO | Pune +121 other locations,20900.0,18.0,2000 (26 yrs old),BPO,Pune +121 other locations
Jana Small Finance Bank,3.8,Banking | Pune +419 other locations,14200.0,54.0,2006 (20 yrs old),Banking,Pune +419 other locations
Sun Pharmaceutical Industries,4.1,Pharma | Pune +264 other locations,23500.0,287.0,,Pharma,Pune +264 other locations
Ujjivan Small Finance Bank,4.0,Banking | Pune +533 other locations,12800.0,136.0,2017 (9 yrs old),Banking,Pune +533 other locations
Hexaware Technologies,3.4,IT Services & Consulting | Pune +67 other locations,53100.0,636.0,1990 (36 yrs old),IT Services & Consulting,Pune +67 other locations
Amazon Development Centre India,3.8,Internet | Pune +146 other locations,24000.0,77.0,,Internet,Pune +146 other locations
Lupin,4.1,Pharma | Pune +202 other locations,22500.0,33.0,,Pharma,Pune +202 other locations
L&T Construction,4.0,Engineering & Construction | Pune +433 other locations,24000.0,77.0,,Engineering & Construction,Pune +433 other locations
Zydus Lifesciences,3.9,Pharma | Pune +177 other locations,19900.0,21.0,1952 (74 yrs old),Pharma,Pune +177 other locations
Ekart Logistics,3.9,Logistics | Pune +736 other locations,15800.0,77.0,2009 (17 yrs old),Logistics,Pune +736 other locations
Hindustan Unilever,4.2,FMCG | Pune +531 other locations,20000.0,48.0,1872 (154 yrs old),FMCG,Pune +531 other locations
KPMG India,3.4,Management Consulting | Pune +111 other locations,64700.0,61.0,1993 (33 yrs old),Management Consulting,Pune +111 other locations
ITC,3.9,FMCG | Pune +375 other locations,24400.0,77.0,1910 (116 yrs old),FMCG,Pune +375 other locations
Axis Max Life Insurance,4.0,Insurance | Pune +494 other locations,20000.0,143.0,2000 (26 yrs old),Insurance,Pune +494 other locations
Megha Engineering & Infrastructures,3.9,Engineering & Construction | Pune +405 other locations,24000.0,77.0,,Engineering & Construction,Pune +405 other locations
Tata Projects,4.2,Engineering & Construction | Pune +285 other locations,22100.0,29.0,,Engineering & Construction,Pune +285 other locations
Coforge,3.2,IT Services & Consulting | Pune +104 other locations,48500.0,128.0,,IT Services & Consulting,Pune +104 other locations
FIS,3.8,FinTech | Pune +61 other locations,38700.0,122.0,,FinTech,Pune +61 other locations
L&T Technology Services,3.1,IT Services & Consulting | Pune +92 other locations,24000.0,77.0,,IT Services & Consulting,Pune +92 other locations
Bajaj Life Insurance,3.9,Insurance | Pune +607 other locations,24000.0,77.0,,Insurance,Pune +607 other locations
Cholamandalam Investment & Finance,3.8,Financial Services | Pune +840 other locations,24000.0,77.0,,Financial Services,Pune +840 other locations
IIFL Finance,4.0,NBFC | Pune +801 other locations,14200.0,73.0,1995 (31 yrs old),NBFC,Pune +801 other locations
Oracle,3.5,Software Product | Pune +56 other locations,62500.0,1200.0,1977 (49 yrs old),Software Product,Pune +56 other locations
Indian Army,4.7,Defence & Aerospace | Pune +364 other locations,9600.0,77.0,1895 (131 yrs old),Defence & Aerospace,Pune +364 other locations
Omega Healthcare,3.8,BPO | Pune +69 other locations,26200.0,129.0,2003 (23 yrs old),BPO,Pune +69 other locations
Muthoot Finance,3.7,NBFC | Pune +783 other locations,13000.0,93.0,,NBFC,Pune +783 other locations
JLL,4.1,Real Estate | Pune +85 other locations,24200.0,241.0,1999 (27 yrs old),Real Estate,Pune +85 other locations
eClerx,3.1,IT Services & Consulting | Pune +32 other locations,31700.0,233.0,2000 (26 yrs old),IT Services & Consulting,Pune +32 other locations
HCL Group,3.5,IT Services & Consulting | Pune +97 other locations,370000.0,165.0,,IT Services & Consulting,Pune +97 other locations
Piramal Finance,4.2,NBFC | Pune +424 other locations,12700.0,5.0,10k-50k,NBFC,Pune +424 other locations
Virtusa Consulting Services,3.7,IT Services & Consulting | Pune +55 other locations,56300.0,1300.0,1996 (30 yrs old),IT Services & Consulting,Pune +55 other locations
DMart,3.9,Retail | Pune +246 other locations,18500.0,177.0,2002 (24 yrs old),Retail,Pune +246 other locations
HSBC Group,3.9,Financial Services | Pune +63 other locations,42600.0,130.0,1865 (161 yrs old),Financial Services,Pune +63 other locations
Indiamart Intermesh,3.5,Internet | Pune +173 other locations,20000.0,532.0,1996 (30 yrs old),Internet,Pune +173 other locations
Udaan,3.9,Internet | Pune +368 other locations,15600.0,5.0,,Internet,Pune +368 other locations
SMFG India Credit,3.9,NBFC | Pune +592 other locations,11000.0,81.0,2007 (19 yrs old),NBFC,Pune +592 other locations
Aurobindo Pharma,4.0,Pharma | Pune +115 other locations,20700.0,23.0,1986 (40 yrs old),Pharma,Pune +115 other locations
Access Healthcare,3.7,BPO | Pune +64 other locations,28400.0,503.0,2011 (15 yrs old),BPO,Pune +64 other locations
Siemens,3.9,Industrial Automation | Pune +152 other locations,33500.0,134.0,,Industrial Automation,Pune +152 other locations
BigBasket,3.9,Internet | Pune +138 other locations,19100.0,104.0,,Internet,Pune +138 other locations
Manappuram Finance,3.9,NBFC | Pune +647 other locations,9100.0,6.0,1949 (77 yrs old),NBFC,Pune +647 other locations
Firstsource Solutions,3.5,BPO | Pune +74 other locations,24000.0,139.0,2001 (25 yrs old),BPO,Pune +74 other locations
Shapoorji Pallonji Group,4.1,Engineering & Construction | Pune +188 other locations,24000.0,77.0,,Engineering & Construction,Pune +188 other locations
Tata Capital,4.0,NBFC | Pune +438 other locations,15700.0,3100.0,2007 (19 yrs old),NBFC,Pune +438 other locations
GlobalLogic,3.5,IT Services & Consulting | Pune +60 other locations,40500.0,46.0,2000 (26 yrs old),IT Services & Consulting,Pune +60 other locations
ICICI Lombard General Insurance Company,3.5,Insurance | Pune +311 other locations,24000.0,77.0,,Insurance,Pune +311 other locations
Standard Chartered,3.6,Banking | Pune +68 other locations,42000.0,77.0,1853 (173 yrs old),Banking,Pune +68 other locations
Mahindra Finance,3.9,NBFC | Pune +730 other locations,12000.0,390.0,1991 (35 yrs old),NBFC,Pune +730 other locations
PolicyBazaar,3.7,Internet | Pune +149 other locations,17100.0,434.0,,Internet,Pune +149 other locations
Bosch Global Software Technologies,3.7,IT Services & Consulting | Pune +47 other locations,39900.0,14.0,1997 (29 yrs old),IT Services & Consulting,Pune +47 other locations
Apollo Hospitals,4.1,Healthcare | Pune +229 other locations,16400.0,168.0,1983 (43 yrs old),Healthcare,Pune +229 other locations
UST,3.7,IT Services & Consulting | Pune +50 other locations,39400.0,142.0,,IT Services & Consulting,Pune +50 other locations
Ashok Leyland,4.0,Automobile | Pune +259 other locations,18700.0,77.0,1948 (78 yrs old),Automobile,Pune +259 other locations
Citicorp,3.7,Financial Services | Pune +68 other locations,51900.0,77.0,1997 (29 yrs old),Financial Services,Pune +68 other locations
Swiggy,3.7,Internet | Pune +230 other locations,22800.0,281.0,2014 (12 yrs old),Internet,Pune +230 other locations
Hero MotoCorp,4.1,Automobile | Pune +365 other locations,15700.0,77.0,1984 (42 yrs old),Automobile,Pune +365 other locations
Cyient,3.6,IT Services & Consulting | Pune +48 other locations,27300.0,78.0,1991 (35 yrs old),IT Services & Consulting,Pune +48 other locations
CGI Group,4.0,IT Services & Consulting | Pune +43 other locations,45200.0,655.0,1976 (50 yrs old),IT Services & Consulting,Pune +43 other locations
SBI Cards & Payment Services,3.6,Financial Services | Pune +435 other locations,24000.0,77.0,,Financial Services,Pune +435 other locations
Kalpataru Projects International,4.2,Engineering & Construction | Pune +321 other locations,13600.0,1.0,1981 (45 yrs old),Engineering & Construction,Pune +321 other locations
JustDial,3.5,Internet | Pune +229 other locations,15400.0,53.0,1996 (30 yrs old),Internet,Pune +229 other locations
BNY,3.7,Financial Services | Pune +25 other locations,30600.0,1.0,1784 (242 yrs old),Financial Services,Pune +25 other locations
IQVIA,3.7,Clinical Research | Pune +63 other locations,30600.0,20.0,10k-50k,Clinical Research,Pune +63 other locations
NTT Data,3.8,IT Services & Consulting | Pune +79 other locations,35700.0,181.0,1988 (38 yrs old),IT Services & Consulting,Pune +79 other locations
Nagarjuna Construction Company,4.0,Engineering & Construction | Pune +295 other locations,12000.0,11.0,1998 (28 yrs old),Engineering & Construction,Pune +295 other locations
CBRE,4.1,Real Estate | Pune +91 other locations,18700.0,19.0,1906 (120 yrs old),Real Estate,Pune +91 other locations
SBI Life Insurance Company,3.7,Insurance | Pune +655 other locations,11700.0,6.0,2001 (25 yrs old),Insurance,Pune +655 other locations
TVS Motor,3.9,Automobile | Pune +349 other locations,15800.0,64.0,1979 (47 yrs old),Automobile,Pune +349 other locations
Schneider Electric,4.2,Industrial Automation | Pune +119 other locations,24400.0,24.0,1999 (27 yrs old),Industrial Automation,Pune +119 other locations
Persistent Systems,3.6,IT Services & Consulting | Pune +41 other locations,44400.0,235.0,,IT Services & Consulting,Pune +41 other locations
State Bank of India,3.8,Banking | Pune +618 other locations,11600.0,10.0,1806 (220 yrs old),Banking,Pune +618 other locations
Atos,3.8,IT Services & Consulting | Pune +49 other locations,34100.0,91.0,2000 (26 yrs old),IT Services & Consulting,Pune +49 other locations
vivo,4.1,Consumer Electronics & Appliances | Pune +414 other locations,12900.0,11.0,2009 (17 yrs old),Consumer Electronics & Appliances,Pune +414 other locations
Ecom Express,4.0,Logistics | Pune +775 other locations,9500.0,77.0,2012 (14 yrs old),Logistics,Pune +775 other locations
Eviden,3.6,IT Services & Consulting | Pune +39 other locations,28000.0,8.0,1k-5k,IT Services & Consulting,Pune +39 other locations
KEC International,4.0,Engineering & Construction | Pune +313 other locations,13300.0,6.0,1945 (81 yrs old),Engineering & Construction,Pune +313 other locations
Amdocs,3.6,Software Product | Pune +23 other locations,37400.0,11.0,1982 (44 yrs old),Software Product,Pune +23 other locations
JBM Group,3.9,Auto Components | Pune +117 other locations,13900.0,45.0,,Auto Components,Pune +117 other locations
Nagarro,3.9,IT Services & Consulting | Pune +49 other locations,32000.0,945.0,1996 (30 yrs old),IT Services & Consulting,Pune +49 other locations
Varun Beverages,4.0,Beverage | Pune +379 other locations,12000.0,41.0,1995 (31 yrs old),Beverage,Pune +379 other locations
ITC Infotech,3.7,IT Services & Consulting | Pune +67 other locations,29500.0,78.0,2000 (26 yrs old),IT Services & Consulting,Pune +67 other locations
Home Credit Finance,4.0,NBFC | Pune +136 other locations,9400.0,96.0,2012 (14 yrs old),NBFC,Pune +136 other locations
Bosch,4.1,Auto Components | Pune +130 other locations,20700.0,77.0,1886 (140 yrs old),Auto Components,Pune +130 other locations
Randstad,3.7,Recruitment | Pune +352 other locations,16400.0,8.0,1992 (34 yrs old),Recruitment,Pune +352 other locations
EY Global Delivery Services ( EY GDS),3.5,IT Services & Consulting | Pune +56 other locations,24000.0,77.0,,IT Services & Consulting,Pune +56 other locations
Hewlett Packard Enterprise,4.1,IT Services & Consulting | Pune +103 other locations,27100.0,220.0,2015 (11 yrs old),IT Services & Consulting,Pune +103 other locations
Utkarsh Small Finance Bank,3.6,Banking | Pune +407 other locations,10800.0,26.0,2009 (17 yrs old),Banking,Pune +407 other locations
Mahindra Logistics,3.7,Logistics | Pune +233 other locations,280000.0,383.0,1986 (40 yrs old),Logistics,Pune +233 other locations
Aditya Birla Fashion and Retail,4.1,Fashion & Textile | Pune +291 other locations,13100.0,76.0,,Fashion & Textile,Pune +291 other locations
L&T Finance,3.9,NBFC | Pune +634 other locations,24000.0,77.0,,NBFC,Pune +634 other locations
OPPO,3.9,Consumer Electronics & Appliances | Pune +410 other locations,11800.0,10.0,2004 (22 yrs old),Consumer Electronics & Appliances,Pune +410 other locations
Dell,3.8,Consumer Electronics & Appliances | Pune +117 other locations,28700.0,16.0,1984 (42 yrs old),Consumer Electronics & Appliances,Pune +117 other locations
CARS24,3.4,Internet | Pune +173 other locations,24000.0,77.0,,Internet,Pune +173 other locations
Havells,3.9,Electrical Equipment | Pune +260 other locations,15500.0,34.0,1983 (43 yrs old),Electrical Equipment,Pune +260 other locations
Intas Pharmaceuticals,4.1,Pharma | Pune +148 other locations,17300.0,54.0,1977 (49 yrs old),Pharma,Pune +148 other locations
R1 RCM,3.8,BPO | Pune +46 other locations,21100.0,163.0,2007 (19 yrs old),BPO,Pune +46 other locations
Tata AIA Life Insurance,3.9,Insurance | Pune +442 other locations,14100.0,680.0,2001 (25 yrs old),Insurance,Pune +442 other locations
Hyundai Motor India Limited,4.1,Automobile | Pune +287 other locations,13800.0,3.0,1967 (59 yrs old),Automobile,Pune +287 other locations
Deutsche Bank,3.8,Banking | Pune +42 other locations,36000.0,391.0,1870 (156 yrs old),Banking,Pune +42 other locations
Hetero,3.9,Pharma | Pune +67 other locations,15000.0,141.0,,Pharma,Pune +67 other locations
Motilal Oswal Financial Services,3.7,Financial Services | Pune +168 other locations,12900.0,45.0,,Financial Services,Pune +168 other locations
Team Lease,3.9,Recruitment | Pune +396 other locations,16000.0,77.0,2016 (10 yrs old),Recruitment,Pune +396 other locations
Berger Paints,3.7,Chemicals | Pune +353 other locations,10000.0,131.0,,Chemicals,Pune +353 other locations
VE Commercial Vehicles,3.9,Automobile | Pune +179 other locations,14100.0,8.0,2008 (18 yrs old),Automobile,Pune +179 other locations
Lenskart,3.3,Internet | Pune +240 other locations,13200.0,127.0,,Internet,Pune +240 other locations
Thermax Limited,4.2,Industrial Machinery | Pune +250 other locations,24000.0,77.0,,Industrial Machinery,Pune +250 other locations
Bajaj Auto,3.8,Automobile | Pune +317 other locations,14500.0,77.0,1945 (81 yrs old),Automobile,Pune +317 other locations
Macleods Pharmaceuticals,3.7,Pharma | Pune +133 other locations,15500.0,10.0,1986 (40 yrs old),Pharma,Pune +133 other locations
Aakash Educational Services,3.2,Education & Training | Pune +244 other locations,13600.0,71.0,1988 (38 yrs old),Education & Training,Pune +244 other locations
Kogta Financial India Limited,4.7,NBFC | Pune +259 other locations,1900.0,115.0,1996 (30 yrs old),NBFC,Pune +259 other locations
Jubilant Foods Works,3.7,Hospitality | Pune +262 other locations,9200.0,192.0,1995 (31 yrs old),Hospitality,Pune +262 other locations
LG Electronics,3.9,Consumer Electronics & Appliances | Pune +298 other locations,11000.0,77.0,1958 (68 yrs old),Consumer Electronics & Appliances,Pune +298 other locations
Royal Enfield,4.2,Automobile | Pune +372 other locations,14800.0,20.0,1901 (125 yrs old),Automobile,Pune +372 other locations
Hindalco Industries,4.2,Metals & Mining | Pune +127 other locations,12400.0,4.0,1958 (68 yrs old),Metals & Mining,Pune +127 other locations
Jindal Steel Limited,3.9,Iron & Steel | Pune +172 other locations,15400.0,31.0,1979 (47 yrs old),Iron & Steel,Pune +172 other locations
John Deere,4.0,Industrial Machinery | Pune +155 other locations,15200.0,1.0,2001 (25 yrs old),Industrial Machinery,Pune +155 other locations
Tata Communications,3.9,Telecom | Pune +102 other locations,23500.0,33.0,1986 (40 yrs old),Telecom,Pune +102 other locations
DCB Bank,3.8,Banking | Pune +341 other locations,9500.0,11.0,,Banking,Pune +341 other locations
HDFC Ergo General Insurance,4.0,Insurance | Pune +324 other locations,12000.0,10.0,2002 (24 yrs old),Insurance,Pune +324 other locations
State Street Corporation,3.5,Financial Services | Pune +34 other locations,31400.0,8.0,1792 (234 yrs old),Financial Services,Pune +34 other locations
RBL Bank,3.5,Banking | Pune +284 other locations,18300.0,53.0,1943 (83 yrs old),Banking,Pune +284 other locations
Cummins,4.3,Industrial Machinery | Pune +114 other locations,15500.0,8.0,1919 (107 yrs old),Industrial Machinery,Pune +114 other locations
Oyo Rooms,3.1,Internet | Pune +121 other locations,14400.0,127.0,2012 (14 yrs old),Internet,Pune +121 other locations
Pidilite Industries,4.2,Chemicals | Pune +312 other locations,11400.0,3.0,,Chemicals,Pune +312 other locations
Alembic Pharmaceuticals,3.9,Pharma | Pune +187 other locations,15300.0,72.0,1907 (119 yrs old),Pharma,Pune +187 other locations
Reliance Communications,4.0,Telecom | Pune +467 other locations,9600.0,77.0,2002 (24 yrs old),Telecom,Pune +467 other locations
Bank of America,4.1,Banking | Pune +35 other locations,28100.0,77.0,1998 (28 yrs old),Banking,Pune +35 other locations
Carelon Global Solutions,3.9,IT Services & Consulting | Pune +21 other locations,26600.0,19.0,10k-50k,IT Services & Consulting,Pune +21 other locations
Publicis Sapient,3.4,IT Services & Consulting | Pune +46 other locations,30900.0,254.0,,IT Services & Consulting,Pune +46 other locations
Viatris,4.1,Pharma | Pune +81 other locations,14200.0,4.0,,Pharma,Pune +81 other locations
PVR INOX,3.9,Media & Entertainment | Pune +150 other locations,24000.0,77.0,,Media & Entertainment,Pune +150 other locations
Subros,3.8,Auto Components | Pune +88 other locations,12500.0,1.0,1985 (41 yrs old),Auto Components,Pune +88 other locations
American Express,4.1,Financial Services | Pune +53 other locations,24400.0,149.0,1850 (176 yrs old),Financial Services,Pune +53 other locations
XpressBees,4.2,Logistics | Pune +474 other locations,8200.0,10.0,2015 (11 yrs old),Logistics,Pune +474 other locations
Automatic Data Processing (ADP),3.9,Software Product | Pune +40 other locations,24000.0,77.0,,Software Product,Pune +40 other locations
PNB MetLife,3.4,Insurance | Pune +423 other locations,8000.0,15.0,2001 (25 yrs old),Insurance,Pune +423 other locations
Kyndryl,3.9,IT Services & Consulting | Pune +37 other locations,26100.0,35.0,,IT Services & Consulting,Pune +37 other locations
Escorts Kubota Limited,4.1,Automobile | Pune +155 other locations,13300.0,3.0,,Automobile,Pune +155 other locations
Aditya Birla Sun Life Insurance,4.0,Insurance | Pune +488 other locations,9900.0,77.0,2000 (26 yrs old),Insurance,Pune +488 other locations
Grasim Industries,4.0,Building Material | Pune +241 other locations,12700.0,4.0,1947 (79 yrs old),Building Material,Pune +241 other locations
Aditya Birla Capital,3.8,NBFC | Pune +338 other locations,14300.0,3.0,2017 (9 yrs old),NBFC,Pune +338 other locations
Maersk,4.0,Logistics | Pune +49 other locations,18900.0,32.0,,Logistics,Pune +49 other locations
Synechron,3.5,IT Services & Consulting | Pune +32 other locations,27900.0,61.0,2001 (25 yrs old),IT Services & Consulting,Pune +32 other locations
Glenmark Pharmaceuticals,3.8,Pharma | Pune +184 other locations,12100.0,125.0,1977 (49 yrs old),Pharma,Pune +184 other locations
Birlasoft,3.5,IT Services & Consulting | Pune +50 other locations,29700.0,475.0,1995 (31 yrs old),IT Services & Consulting,Pune +50 other locations
Dabur,3.8,FMCG | Pune +320 other locations,8800.0,22.0,1884 (142 yrs old),FMCG,Pune +320 other locations
Godrej & Boyce Manufacturing,3.9,Consumer Electronics & Appliances | Pune +165 other locations,24000.0,77.0,,Consumer Electronics & Appliances,Pune +165 other locations
Samvardhana Motherson Group,3.7,Auto Components | Pune +93 other locations,12000.0,11.0,1986 (40 yrs old),Auto Components,Pune +93 other locations
Altruist Technologies,4.4,BPO | Pune +45 other locations,8200.0,8.0,2005 (21 yrs old),BPO,Pune +45 other locations
Cogent E Services,3.2,BPO | Pune +55 other locations,10300.0,1.0,2004 (22 yrs old),BPO,Pune +55 other locations
Sodexo,4.0,Facility Management Services | Pune +156 other locations,9700.0,1100.0,1966 (60 yrs old),Facility Management Services,Pune +156 other locations
JK Cement,4.0,Building Material | Pune +327 other locations,9800.0,1.0,1975 (51 yrs old),Building Material,Pune +327 other locations
